person_id,clicks,median_ms,p25_ms,p75_ms,iqr_ms,sd_ms,mean_ms,typical_range
7ea014df-4e0f-556a-b7e7-a3a8d42fc053,284,106.0,87.8,128.0,40.2,300.7,181.4,normal
5ef6e17c-8e2a-52b5-b0e3-409ec426e21d,122,78.0,62.2,93.8,31.5,175.6,99.0,ballistic
2a0c2f39-0e74-5a61-b01c-982fc125f030,91,96.0,81.0,114.0,33.0,170.5,124.6,normal
962b844b-1102-5f23-a995-3f7ded0772bc,76,115.0,97.8,131.0,33.2,365.3,232.9,normal
0338277d-d998-5049-8894-fc41e6ed5e99,72,120.0,113.0,140.5,27.5,23.1,127.2,deliberative
7c79c1a9-7bfa-5aff-80fe-74e96f1bddf1,66,117.5,101.0,137.8,36.8,30.0,123.1,normal
f87142df-35ec-552f-9830-a96ce6b8675f,65,116.0,100.0,133.0,33.0,26.7,117.8,normal
5151f646-fc8b-513d-ae18-5f43d3b92ff2,60,81.0,60.0,105.2,45.2,232.2,141.4,normal
8e0867f0-bb42-5960-a6cd-b78829da0e75,56,139.0,124.2,150.0,25.8,30.8,132.4,deliberative
3671b324-61b7-5483-8d2b-17e23861c9b8,56,118.0,113.0,131.5,18.5,135.2,146.2,normal
ab3bf545-8922-564b-a766-02a9dc483e96,56,95.5,79.8,110.5,30.8,325.6,181.7,normal
7824d2c7-61cf-5c4b-81fa-e2530b12ab5d,54,113.5,92.2,139.5,47.2,29.8,114.4,normal
c40c7a41-7f21-5a89-862e-c3594c6dc923,54,109.0,104.8,117.0,12.2,11.9,110.5,normal
30f08baf-8f50-5ccd-a8b2-42d9b2e83251,52,133.0,117.8,150.0,32.2,20.1,132.4,deliberative
7bb059a4-4dfd-5ba9-912e-dc1873059804,48,95.0,75.0,109.2,34.2,292.1,151.5,normal
8092f00d-c117-5c5f-b241-985f5060d923,48,127.0,105.8,146.0,40.2,203.4,164.3,deliberative
a8d35290-4e06-5a5b-80f0-98b5a142efac,48,99.5,83.0,131.2,48.2,533.9,295.2,normal
57520c1c-efa9-584a-aa3f-e51cc08c37dc,44,89.5,78.0,102.0,24.0,39.5,95.8,normal
82470eaa-f230-54d5-95bc-64d8f06bb90c,44,93.5,77.0,115.2,38.2,265.8,165.1,normal
2de8ce80-de27-5f7f-b2f1-24174245d852,44,63.5,49.0,83.0,34.0,36.6,75.1,ballistic
56039eb4-7d6f-5d18-88af-400bd3a1440e,44,99.0,93.0,132.0,39.0,351.4,211.9,normal
590b80da-ad35-5d96-8945-a299c9aebbe0,44,91.5,84.0,100.0,16.0,14.0,93.2,normal
c3f9b4d5-fee4-57bd-8e0f-3bd6395f3fae,42,91.5,74.0,114.0,40.0,32.3,95.1,normal
08dae14e-71b1-5c45-9c2e-a241c5213591,42,116.0,111.0,132.0,21.0,289.4,179.8,normal
1b256ce5-57db-56c0-9ffb-fa80dd3385ee,40,120.5,115.2,150.0,34.8,27.6,131.2,deliberative
cc3de720-a035-5da2-bb54-7e762ce5e591,38,99.5,85.5,171.5,86.0,419.2,306.3,normal
97135d30-035d-5118-9323-2c59d0a7cec2,38,97.5,70.2,118.5,48.2,340.4,212.9,normal
9623e89d-f0b5-5a00-a9ed-f7c402cf45cf,36,134.0,101.0,157.0,56.0,45.4,126.2,deliberative
fe730004-5233-5d32-a025-ca4f33fe0b43,32,132.0,115.0,151.5,36.5,35.2,125.0,deliberative
f6cb2353-2142-5a76-97a8-d12f450f005b,32,149.0,132.8,158.0,25.2,47.5,155.1,deliberative
045f0076-c3c9-52cb-b3b4-c824eeb7ffa2,30,111.0,89.2,126.2,37.0,366.2,210.0,normal
e58bacd2-cc08-5ba1-84bd-73c120c63ff0,28,141.5,133.0,151.0,18.0,13.0,142.7,deliberative
366bf40d-1220-564c-8408-fb09a855e6c3,28,85.5,68.5,108.5,40.0,32.9,88.8,normal
268fafd0-7c04-5363-a7af-2f018a1fbdf5,28,103.0,93.0,126.8,33.8,22.6,110.9,normal
6d5af87c-219f-59d6-a74d-25c548cdeb1d,27,117.0,112.0,129.0,17.0,29.5,121.7,normal
6a5b88b2-f596-596e-90f2-d47f37e51b19,26,150.0,122.2,174.0,51.8,52.2,151.3,deliberative
5cd8e1fe-e4c1-5907-89be-5073b40ce157,26,133.0,116.2,134.0,17.8,23.2,132.1,deliberative
3494581f-288c-5204-9f85-213e874a339b,26,154.5,101.2,161.8,60.5,40.7,131.7,deliberative
77689506-c932-5353-b16b-f19b291d3b19,25,108.0,107.0,116.0,9.0,14.5,113.0,normal
d4c13fb0-34de-5f24-a685-1da6d1b89047,25,133.0,117.0,149.0,32.0,23.8,132.2,deliberative
cd6cdf1e-d285-50b4-a104-1ba2dfd4b27a,24,113.5,99.8,134.2,34.5,21.5,116.3,normal
e8269477-ab7f-593d-9f25-b1e7fafdc167,24,138.5,114.8,159.2,44.5,30.2,140.5,deliberative
a28ad1fa-6ad0-5510-9cf5-91a7fbe735ae,24,127.5,88.0,189.5,101.5,395.0,244.0,deliberative
8d3a95d2-98fe-50f3-ba81-f701fb218422,24,117.0,105.2,133.2,28.0,22.4,117.8,normal
5ecd3ddd-dd90-5f6e-830a-7d5ca8b0065a,24,135.5,101.5,138.8,37.2,22.0,124.5,deliberative
96dfe14a-5ebb-597d-aa3f-f9bcff2e6f28,23,117.0,116.0,133.0,17.0,19.4,125.8,normal
9459f78c-adf8-5e2d-a096-e11eac44fdd7,22,141.5,125.0,157.5,32.5,39.0,129.5,deliberative
53e54a7d-c19f-5479-b103-788de1d57b7b,22,125.0,104.8,133.8,29.0,22.7,120.7,deliberative
3974e268-df08-5048-bd3e-0533ccab4a65,22,133.5,118.5,151.8,33.2,22.0,134.5,deliberative
5b84b149-6434-5fe2-9e25-ed0a4097f030,22,117.0,93.0,152.8,59.8,99.9,146.6,normal
f049284e-f356-54bc-a8e9-905bd487cd1a,22,101.5,98.2,128.5,30.2,19.9,108.6,normal
98844d52-cd1f-50ca-a7dc-ea6887edf74e,22,116.5,96.5,171.0,74.5,349.6,276.6,normal
bfb436fd-7629-5543-a89f-8bd38165ee7a,20,116.5,106.8,140.2,33.5,25.5,119.4,normal
97792b55-429e-54e6-ae61-991da6363f1b,20,95.5,78.0,99.2,21.2,407.0,225.4,normal
92f835c4-cc69-5324-b6a3-a82c52654397,20,117.0,87.8,133.2,45.5,24.3,112.8,normal
bc4e1245-0c10-5787-a03d-069af8afae1f,20,138.5,119.2,158.2,39.0,41.5,135.9,deliberative
7a5b5722-fc13-5caa-8bcc-34f52ee2a61c,20,116.0,103.0,126.2,23.2,19.5,117.4,normal
124f0e23-570e-5cec-89c5-6d64048268d7,20,92.5,73.8,115.5,41.8,27.7,94.6,normal
0e2007b3-bf4a-56dc-b9b3-70138b45b35f,20,121.0,108.0,130.2,22.2,13.1,121.1,deliberative
2b02300f-ebbd-5955-ad3c-fc8075c1cab0,19,106.0,96.0,134.5,38.5,29.3,116.5,normal
091e0eaa-b2fa-59a5-b69b-a78a8cdec0ee,18,104.5,82.2,233.8,151.5,453.6,333.2,normal
0e91e2b8-1df2-5198-8e1f-8befb5029ea7,18,158.5,143.0,176.0,33.0,27.6,159.3,deliberative
deec992b-2aa3-5bba-8b73-1b9389777be4,18,158.0,125.2,167.0,41.8,28.2,143.8,deliberative
34900b75-cb5a-5b5d-8e4d-bfb35a8dfb29,18,161.0,146.2,167.0,20.8,31.0,147.9,extended
81e87c58-2a88-5908-89b4-9ec371328ab6,18,132.0,115.0,148.5,33.5,24.6,130.8,deliberative
ba2de577-bc60-5764-a7a4-d5e3b3b6fa94,18,141.0,133.0,162.0,29.0,20.0,144.1,deliberative
d57cedf5-b8a8-50a8-ab44-9c0d6243fa95,18,199.0,116.2,207.0,90.8,151.4,222.6,extended
46a37b70-42b5-540a-b6d7-a46a54798047,18,124.5,119.2,145.5,26.2,487.5,380.4,deliberative
b8f36214-9cdb-598c-b059-2df02a077b61,18,96.0,81.8,110.8,29.0,29.1,102.7,normal
91b20bf7-c045-509c-a10e-696241755757,18,98.0,89.5,113.8,24.2,16.4,100.4,normal
6c1d8d40-d7a3-57b0-ab20-2fca9f6a00df,18,109.0,98.2,116.0,17.8,21.5,104.2,normal
8b304af5-0596-577f-a8a7-7c1ea80a4204,18,134.0,126.5,142.8,16.2,18.7,131.4,deliberative
52a73b3c-f324-5f25-be60-d7ca2d340cdc,18,143.5,124.2,150.8,26.5,40.2,126.1,deliberative
b0905f00-fe8b-565a-869d-7977e8aa399a,18,141.5,133.2,143.0,9.8,10.4,139.5,deliberative
4be191d2-72da-5b7a-bcd4-e9d847c9d321,17,126.0,117.0,133.0,16.0,18.1,125.4,deliberative
5387239e-4bec-5ddc-8617-3227698bfc40,17,116.0,100.0,116.0,16.0,12.3,110.5,normal
e3d126aa-c67e-53f1-8ab6-71f5172d2003,17,133.0,132.0,150.0,18.0,20.7,138.3,deliberative
a3975335-0066-5a29-9c4c-e674256636e6,17,166.0,144.0,169.0,25.0,30.4,151.2,extended
e814333b-d726-5b71-a656-e0ef6dff8be8,16,166.0,150.0,176.2,26.2,20.3,164.2,extended
fd28c104-09b9-59d5-89e2-0592f5df5b30,16,121.5,96.5,136.5,40.0,34.2,117.5,deliberative
af7e63e2-1753-5b06-a5ec-e2703454f1f7,16,121.0,107.5,132.2,24.8,18.0,119.6,deliberative
3fb2efea-b4a8-5e93-86b7-338e5c6f498f,16,102.0,100.8,106.0,5.2,13.6,103.9,normal
83a681b9-127c-5dce-843d-dd2b5ef5b13f,16,124.5,114.8,135.8,21.0,15.5,127.1,deliberative
b8e372ee-1e96-5508-a363-3d71acfe295e,16,137.0,105.8,168.2,62.5,49.0,131.8,deliberative
04b50d58-b2a1-5052-8548-cb36f87a75ab,16,180.5,154.5,220.2,65.8,488.1,317.9,extended
a2d748a5-e973-5a55-8e17-01bb07ba59f2,16,135.5,119.5,149.2,29.8,24.8,133.9,deliberative
bfb04105-7e79-5851-9a2c-838abf0971e1,16,117.0,96.2,121.0,24.8,22.8,104.1,normal
b6f2fef0-26c2-55d6-b74d-cc228357f172,16,119.0,100.0,134.5,34.5,43.8,118.5,normal
3c740ab4-3b1c-5a23-b99e-7ba5cca0cd32,16,111.5,100.0,121.8,21.8,17.5,112.6,normal
e91e26b4-7e44-56e5-b51d-13384209606f,16,117.5,86.8,162.0,75.2,37.6,125.1,normal
62924c1a-e13c-5312-bbae-f492dbd1e450,15,74.0,43.0,80.0,37.0,159.8,101.9,ballistic
0767c87b-1ffc-5a25-ba7f-26ab282d275a,14,99.0,86.0,111.5,25.5,15.8,98.2,normal
1a867cfe-e41e-5365-9b5d-1c33d7caaad1,14,116.5,110.0,131.0,21.0,15.6,118.3,normal
cd44df14-26ae-5762-bd23-b87c4a2f87c8,14,93.5,84.5,139.5,55.0,33.9,106.6,normal
399cea06-3b84-58f3-9d24-d44daaf4ce71,14,134.0,109.0,161.5,52.5,36.2,139.3,deliberative
c344a340-00f9-53ff-bc20-fcb483db7d53,14,128.0,106.5,146.5,40.0,53.9,143.4,deliberative
8fec4656-f952-57a6-a5fc-dd5e7a74f1da,14,105.0,94.5,131.0,36.5,25.3,113.8,normal
c6954733-d193-56a5-b692-561dee700137,14,92.5,81.5,99.2,17.8,14.7,94.1,normal
7ff4e455-a469-56b1-baca-f6959b49cd97,14,109.5,84.8,155.5,70.8,53.3,115.1,normal
e740b735-bc58-5bc8-aeea-430fdd73aa53,13,125.0,117.0,133.0,16.0,144.4,165.9,deliberative
8863768c-6611-527c-9035-be4068273e62,13,100.0,83.0,117.0,34.0,29.1,104.4,normal
02be78e2-60b0-5c4b-a16f-034bfbb4b940,12,66.5,61.8,97.5,35.8,31.9,83.3,ballistic
865095a2-8ecc-5ea5-8425-88c687fc44bc,12,111.0,80.5,141.2,60.8,47.4,112.8,normal
16012df7-0373-5b54-9a4b-7d56160e94cd,12,124.0,86.8,156.2,69.5,36.5,121.7,deliberative
ce40abca-2cdd-56b1-8df4-e815912ec797,12,139.5,133.8,150.0,16.2,8.9,141.9,deliberative
4f6d626a-e395-5d6e-b69b-800f1951c44a,12,83.5,72.8,489.0,416.2,665.9,463.3,normal
f1445296-97b7-5f6d-8dab-c8d549271bb8,12,133.0,116.0,149.0,33.0,23.4,131.0,deliberative
69a50788-f816-5529-b712-c29c4b50c462,12,154.0,134.8,165.2,30.5,14.6,151.4,deliberative
b01dd2ed-e77b-5fd8-a762-704723f38e42,12,125.0,117.0,150.0,33.0,33.4,129.1,deliberative
587722c0-a396-52e4-869d-52f2b0d2476a,12,171.0,157.8,198.5,40.8,19.3,175.0,extended
4e48b3de-eeb9-528e-a78b-86d3c0ee86a8,12,129.0,124.0,158.0,34.0,24.4,136.1,deliberative
bfda5ecb-6dba-56a7-85ea-8808035b6d76,12,138.0,116.5,151.5,35.0,39.0,128.4,deliberative
a022771a-29e1-5ebe-86ca-999863c40d72,12,92.0,76.8,150.2,73.5,46.6,104.8,normal
d67b0569-0e7f-5309-9140-caf7966007d3,12,154.0,88.0,158.0,70.0,40.7,132.5,deliberative
ce0fd840-c643-58b6-808e-8bfbffedcc8a,12,136.5,107.5,152.2,44.8,27.8,133.2,deliberative
67de90cb-2b21-5b8f-8c5d-e329733202af,12,100.5,89.8,116.5,26.8,22.4,107.2,normal
0e39ac07-0d2e-504b-8214-8d694879d1c7,11,88.0,52.0,106.0,54.0,33.3,77.6,normal
40dc797b-8533-5324-8de8-c7e7431ccec5,11,90.0,83.0,94.5,11.5,13.4,87.2,normal
bc59e81e-5617-5ff2-b855-973c74579466,11,149.0,133.0,153.0,20.0,19.4,141.5,deliberative
6fda4807-c89e-5c86-a582-55c6ea03e7bc,10,94.0,82.8,99.2,16.5,20.5,88.7,normal
69a0e2d3-599d-5b9c-93b2-0740b6d67004,10,166.0,143.2,167.8,24.5,14.5,155.8,extended
7aa96fe8-020a-50c4-82d7-2e6d77129a06,10,93.5,75.2,121.5,46.2,44.8,107.2,normal
bd69a0df-2c15-5f3b-8e4c-86e609825b0b,10,123.5,108.8,128.5,19.8,548.5,379.9,deliberative
8ab6ff4d-e365-5fe4-a587-af7e13350b76,10,133.5,117.2,152.8,35.5,21.9,138.6,deliberative
cb6a927d-9681-569c-9531-2d7f8abad98b,10,114.5,100.2,125.5,25.2,13.8,114.9,normal
32820a2a-b735-5034-9df6-250ab697cf15,10,116.0,91.8,142.0,50.2,36.7,114.6,normal
a99712ca-18f5-5afd-8913-0cf820f15ce1,10,118.5,81.5,650.8,569.2,534.5,423.8,normal
ba26a809-ebb9-5ca2-ad43-486099650f4c,10,100.0,74.2,103.8,29.5,21.5,96.1,normal
5b8f8f20-4459-5e19-8435-d13b7ff55845,10,117.0,116.0,129.8,13.8,17.5,116.4,normal
6a350aca-8887-5376-9c02-a554998ba172,10,159.5,149.5,167.0,17.5,24.1,151.9,deliberative
cdd200ff-0d7d-5588-b688-af823080848a,10,136.0,122.0,150.8,28.8,41.1,121.5,deliberative
4da68ea6-f313-5dfe-9328-55bbb9bb5dc0,10,109.0,96.5,151.5,55.0,32.7,119.5,normal
c8a22ea1-fe9e-5b13-a976-22e8b95e0bdf,10,106.0,96.2,130.8,34.5,323.9,212.2,normal
cc8c133e-760e-5388-b68b-5d18551b591b,10,139.5,133.0,141.8,8.8,25.7,134.7,deliberative
e842ecfe-9a2a-531a-a8b4-36072d5c0084,10,141.0,130.5,151.0,20.5,14.4,137.5,deliberative
ed02e0b8-4331-5066-8303-205f95ebfe48,10,132.0,108.2,155.5,47.2,25.8,132.8,deliberative
2ee6be16-db9e-5b8a-9c52-b4242e8678fc,10,134.0,133.0,135.0,2.0,20.2,128.4,deliberative
9062cc1e-8bac-500d-bc37-5d56ea3f403e,10,120.5,105.0,125.0,20.0,13.9,119.2,deliberative
56e854b0-d0b4-53cd-8a18-322128773618,10,128.0,94.8,146.8,52.0,38.8,125.0,deliberative
90d1e1ff-9004-5a35-8e0e-8e79a4915bff,10,133.5,116.2,137.5,21.2,17.2,126.3,deliberative
073391d9-7a0e-527f-bc25-875b5f1ae32a,10,140.5,93.2,432.0,338.8,260.0,300.6,deliberative
91f8c409-9d40-5fe8-8343-e3b6cba95961,10,101.5,79.0,112.8,33.8,18.2,99.2,normal
45b77df3-190a-5570-97f4-6a8903233385,10,107.5,85.0,109.8,24.8,14.4,101.1,normal
f9576a49-cdb3-5d42-b051-2c2eace7952b,10,116.5,99.5,120.5,21.0,30.9,103.6,normal
c1b56f37-abdf-5d27-9c81-a6d6d77763a7,10,143.0,141.0,150.5,9.5,29.7,133.6,deliberative
6a4e57f5-37eb-538e-8b04-48d1fbcd8682,10,142.0,122.2,150.0,27.8,19.4,133.0,deliberative
54e9fea1-3f65-5e16-a39c-f4b94e0e1ea6,10,129.5,116.5,134.8,18.2,17.0,126.3,deliberative
f7e09ced-d9d0-58ff-9d6a-fc83c8ec9f5e,10,102.0,99.5,116.8,17.2,16.6,102.0,normal
ad718654-c956-563b-8a4c-e4c1c83ef3a5,10,90.5,67.2,95.8,28.5,16.5,82.7,normal
dd4d448d-e424-5301-b354-90a455eb3cf1,10,134.0,117.5,153.8,36.2,17.7,135.5,deliberative
8420326f-974c-596b-bf98-f7a85d350c92,10,97.5,91.5,108.5,17.0,13.3,97.5,normal
b27e9318-352c-5468-9ce3-c168fe25663a,10,92.0,83.2,93.8,10.5,28.2,97.3,normal
8d8dd38a-0e61-5327-be80-cdef2c6cc9f1,10,159.0,133.2,164.8,31.5,38.4,137.9,deliberative
fe09d86b-b7cb-5069-a1be-5a75138b197f,10,125.0,108.2,134.5,26.2,22.7,120.4,deliberative
316d8487-bd7a-5e39-a118-08deec70d88e,10,101.0,100.2,131.8,31.5,20.5,116.4,normal
24fa061c-7d84-5cc9-9d88-6f777690f78e,10,134.0,133.0,149.8,16.8,167.2,215.9,deliberative
9b101237-af99-5062-b792-068ef849315b,10,124.0,101.0,138.8,37.8,46.2,137.1,deliberative
0c973059-b41b-5f09-9472-692ec1d69aec,10,167.5,165.2,168.0,2.8,28.3,176.8,extended
fe481794-9b70-57d8-b546-25c862b040f0,10,150.5,116.5,158.8,42.2,22.7,139.1,deliberative
98365c08-4dc4-5930-9db1-b2d1499dae8a,10,106.0,103.5,115.5,12.0,34.5,100.7,normal
05007f1c-8cd4-5d3a-9f60-71b857fb3825,10,133.0,133.0,133.0,0.0,15.2,134.5,deliberative
33ffac02-97e0-54c7-b9b7-d60551bd2764,10,133.5,108.2,139.5,31.2,23.6,123.1,deliberative
85a259d8-934a-5989-80c2-b424c1b029b3,9,106.0,100.0,120.0,20.0,18.9,111.6,normal
75b3158e-6a66-5482-9d7a-d293b593894a,9,89.0,78.0,114.0,36.0,26.4,99.3,normal
d985aadb-38f5-57b0-9944-ebd1ffe06d9d,9,118.0,103.0,145.0,42.0,50.2,120.3,normal
dd02dfc2-6ce2-58af-b812-fe5a94de6bfd,9,125.0,118.0,134.0,16.0,19.4,120.0,deliberative
439a3915-9d1f-5295-978e-f8d23bd187fa,9,116.0,102.0,133.0,31.0,19.3,115.9,normal
3f69bdc0-743b-52f4-a40f-1a52b9b8d9c4,9,116.0,110.0,116.0,6.0,16.4,113.6,normal
670f6fa6-9718-5e0f-ae42-59cb8309e26b,9,150.0,125.0,151.0,26.0,36.8,127.2,deliberative
e73392fc-6a15-5b87-872a-25a762016831,8,111.5,74.8,116.2,41.5,31.5,95.2,normal
39b336a2-1534-5d62-a705-75ae40181993,8,113.0,62.5,468.5,406.0,586.8,417.5,normal
93198bcf-2665-5f07-89f2-a06813d67129,8,133.0,132.0,133.0,1.0,0.7,132.8,deliberative
aad30028-5ce1-553d-bb24-748986e3ea75,8,98.5,87.2,106.0,18.8,13.2,95.1,normal
a262f940-a2ab-5e46-bafe-e0fd96b8a05f,8,126.5,115.8,133.0,17.2,21.5,118.1,deliberative
84168b40-de91-518a-8504-9818899fb023,8,91.5,83.0,105.8,22.8,21.2,97.9,normal
e188d970-1775-5d07-9a11-c5792c47bc77,8,103.5,87.5,124.0,36.5,34.7,108.0,normal
a286e843-ffda-5985-b663-9a68e63fe0e4,8,140.0,126.5,150.2,23.8,25.4,142.5,deliberative
af6a7f0a-8323-52bb-8ae3-e47883cb2dea,8,132.5,116.0,154.0,38.0,26.6,136.8,deliberative
bebf3ec0-3ff7-5d45-a0aa-df9bd6f15257,8,79.5,73.8,82.0,8.2,9.0,75.8,ballistic
a9c338d2-377d-5f84-ae4e-c8fd42776d66,8,96.5,89.5,102.2,12.8,8.7,95.9,normal
dcf0ee7f-93d1-5bac-92c0-39e25bdacef2,8,113.5,105.5,117.5,12.0,8.6,110.8,normal
8f69b02d-f0c3-50d6-ad71-6ca21d9a4863,8,107.5,80.2,137.0,56.8,31.8,109.6,normal
e4436e4b-a8b3-597e-97e2-79144d418801,8,96.0,91.0,105.8,14.8,10.9,100.1,normal
72b1ef31-b1e9-5330-a73b-100c4f702d6c,8,141.0,126.5,154.5,28.0,357.1,272.2,deliberative
6f2f117c-2159-5400-b1dd-b503f6b69d0f,8,90.0,78.0,103.2,25.2,18.0,90.0,normal
188d27fc-362d-51b2-a894-673e0240f9af,8,284.0,77.8,657.2,579.5,442.7,450.1,extended
e8e121be-0e6d-5260-9c63-f3551310fed7,8,172.0,149.8,179.0,29.2,33.2,156.6,extended
99b96eaf-dace-5902-9359-d9514fb69629,8,125.5,114.5,137.2,22.8,17.5,126.1,deliberative
cff08271-d9d4-5855-b153-cf1654c8d552,8,101.5,79.8,142.2,62.5,39.3,104.5,normal
3517dae3-f4ce-5ad7-9194-f48de56f0e0f,8,57.0,25.8,140.5,114.8,64.9,81.9,ballistic
756fb33e-e37b-5a62-8fdc-83323017eea4,8,94.0,89.8,107.5,17.8,12.0,96.1,normal
0d1aa341-c92d-5b3c-9410-5c0d77ae17a9,8,128.5,113.5,141.2,27.8,30.1,132.1,deliberative
2003e27d-ae90-5d06-9ae9-9536a55dfd22,8,112.5,99.2,122.8,23.5,25.1,109.4,normal
38537692-a836-51dd-b4fc-5dab84968e18,8,117.5,92.0,128.5,36.5,48.7,101.1,normal
000e265c-1035-523f-a16e-71a8e2090c8d,8,109.5,89.0,122.5,33.5,23.9,102.1,normal
8795befd-8e81-5a6a-a5e5-3c6fda7f1f13,8,141.0,126.0,150.0,24.0,15.5,138.2,deliberative
b6e5c72a-ec8a-5892-acab-9ea8633c4118,8,150.0,128.8,166.2,37.5,22.9,147.6,deliberative
6468849b-4ada-5706-828f-2792012ab553,8,117.0,116.0,121.5,5.5,12.5,122.2,normal
c165e85c-dcbe-50cc-bd99-4a2c6e4a63a0,8,133.0,104.0,157.5,53.5,33.8,127.1,deliberative
c84fe9cf-5949-5b6d-9dcf-91eef10e5c44,8,159.5,146.8,171.8,25.0,18.6,159.0,deliberative
2cffc301-ca52-522d-bea8-d9041411b4ad,8,158.5,126.8,174.5,47.8,57.5,142.2,deliberative
42868035-80cc-5d23-84d6-515834cf8872,8,104.5,94.8,118.8,24.0,22.4,108.5,normal
a6607cbe-a439-59ec-acf1-4622404afb6e,8,107.0,104.0,121.2,17.2,14.0,114.4,normal
2ad319a0-35d4-5523-8c17-245ed0bb2ccc,8,121.0,104.0,130.0,26.0,28.0,113.1,deliberative
c0f2ef9a-f111-556a-8d85-784342173dfa,8,61.5,55.5,73.2,17.8,19.3,67.4,ballistic
830ae9fc-31a7-587a-b506-4936342af9be,7,115.0,100.5,122.0,21.5,23.8,113.0,normal
2bae60d8-762c-5b49-bbc1-b4f6ea1be4bb,7,61.0,59.0,74.5,15.5,21.6,59.9,ballistic
7cd06871-b4c1-5d03-bb99-39c3e307e3d4,7,117.0,91.0,141.5,50.5,209.2,193.7,normal
2edf5f1c-965d-5c0b-9ddf-2189dd14b0ac,7,116.0,116.0,150.0,34.0,22.6,130.6,normal
83603710-d4c6-593a-b6e5-403785414e69,7,141.0,124.5,142.0,17.5,30.8,125.9,deliberative
deb12278-4c24-5734-a748-7878d6a8fef1,7,110.0,101.5,130.5,29.0,22.4,116.1,normal
08862042-b842-5074-b6cb-4235cb9d851e,6,130.5,120.5,145.8,25.2,21.8,127.5,deliberative
819e7eb1-c65a-5b36-8647-77cd968d1399,6,149.0,124.2,1043.0,918.8,570.4,535.5,deliberative
2a42bca8-15ac-5f08-9609-d0c6249e8df4,6,46.5,46.0,269.8,223.8,141.0,145.7,ballistic
c305b151-6ee2-5797-a358-fe98a02711bb,6,125.0,118.2,131.0,12.8,11.0,124.8,deliberative
d2b3fffc-5fe6-5961-9f07-a8cd77693198,6,135.0,133.5,146.2,12.8,8.1,139.7,deliberative
3a3d18ce-3cf3-5a95-83ec-5b75585d1875,6,109.0,102.0,133.2,31.2,18.2,116.5,normal
12ea2bd2-ed71-519e-b19d-7e224d788800,6,116.0,112.5,137.5,25.0,30.4,129.8,normal
cf6aaade-0be0-517b-9a30-69950887a9b3,6,134.5,122.0,139.5,17.5,10.3,131.3,deliberative
90a46c9f-3dbb-5399-b28b-80ce2ca15258,6,107.5,98.0,119.2,21.2,13.7,107.3,normal
2acdeda7-b7c3-5ab2-acc8-d2c07990be54,6,151.5,133.8,164.0,30.2,16.8,149.2,deliberative
5af0b4bf-5585-5bb9-b927-94964add311c,6,108.5,102.0,171.2,69.2,41.6,133.3,normal
85a312ef-0cb3-5e0b-a54c-a497580097cb,6,134.0,133.2,137.0,3.8,2.4,135.2,deliberative
5817cb70-153d-5918-92cc-6e95e7821406,6,91.5,84.2,105.5,21.2,12.1,94.8,normal
ab513a2c-c171-5939-b792-a5f8185fbfa6,6,150.0,103.5,153.0,49.5,42.4,128.7,deliberative
3126ec1c-4f29-5cce-ab44-50dd5cd26edc,6,153.5,129.8,160.8,31.0,17.9,146.2,deliberative
e652336e-f5ac-5522-8b89-65edf88dacab,6,150.0,122.8,162.2,39.5,22.4,143.2,deliberative
6f2433fa-5032-5d66-98f8-0822c74cfa5b,6,100.5,67.8,112.2,44.5,25.6,91.0,normal
7260a07b-9f3c-5d49-b763-7107ad477299,6,161.0,151.2,165.5,14.2,25.3,153.7,extended
c52a490e-55e0-5424-a9ea-4271edbada1e,6,125.5,94.2,131.2,37.0,22.1,114.3,deliberative
d701bc35-ea0a-527a-894d-8516cc36f1af,6,143.5,136.2,148.5,12.2,7.0,142.2,deliberative
aba0e7cb-58f1-5dcf-a831-6a617fe19392,6,84.0,74.0,108.2,34.2,19.3,90.3,normal
45ce763e-63cd-5bb5-8fbf-12e5e508fb01,6,96.5,82.5,121.8,39.2,22.5,101.0,normal
c06277ba-7fe3-5e1e-aec6-e5719d2e6380,6,87.0,82.0,92.0,10.0,13.0,83.5,normal
abb81848-916c-5546-9b8a-199fc524af83,6,92.5,79.2,110.2,31.0,17.4,94.7,normal
214598fc-d305-5c72-8509-95e81b24cae5,6,116.5,102.5,118.5,16.0,55.7,132.7,normal
891e54c7-b373-5363-b509-11f72cef1fa7,6,127.5,120.2,137.8,17.5,20.5,123.3,deliberative
3a6d1f60-bcb8-52a5-8fe1-d980ebe0040c,6,115.0,93.0,123.5,30.5,25.6,110.3,normal
b5de287f-604b-504f-8b5e-6b9c1a92a080,6,100.0,94.0,107.5,13.5,12.8,99.3,normal
14321c2a-ac7c-551e-b972-45c4beb01764,6,128.5,110.8,129.8,19.0,11.7,121.5,deliberative
713ef100-ec09-55b5-b865-b9f055f1513d,6,141.0,133.0,161.8,28.8,18.1,144.0,deliberative
dffa28bb-db7f-5502-812f-60c123e31583,6,165.0,153.8,171.8,18.0,14.3,165.7,extended
cc98612f-e319-5267-b913-62630e49d46b,6,153.5,131.2,157.8,26.5,19.3,142.7,deliberative
e95bddfb-854e-5f7b-9402-409dd2c46042,6,141.0,134.2,153.8,19.5,16.4,142.3,deliberative
4c2884f7-e02a-5fc7-9843-ea60e5de54ab,6,108.0,107.2,115.5,8.2,21.7,104.7,normal
d9e41c23-340b-55ab-9171-85e01a562648,6,166.5,137.2,183.0,45.8,27.1,157.8,extended
39fcde3f-4dad-55e7-9c3a-8baaf6466141,6,130.0,119.5,132.2,12.8,12.1,123.7,deliberative
784515c4-48be-5db5-9b67-d5214fcea1ba,6,137.5,122.2,148.2,26.0,21.1,134.8,deliberative
285b2eca-c62f-510e-9f7c-8a67a58f84f4,6,159.0,157.5,162.0,4.5,2.7,159.8,deliberative
01ff184b-b097-5926-af98-ea25a6276e79,6,150.0,138.5,187.8,49.2,28.4,161.8,deliberative
a1dbf46c-9e4b-572e-8d5e-d744c6425a71,6,117.5,111.0,136.0,25.0,14.8,122.8,normal
4e65a37c-066f-52dc-81f0-c7f33f657c80,6,120.5,119.2,127.0,7.8,18.9,115.3,deliberative
b8fda6fb-a72b-562e-82c3-869770446cbb,6,118.5,112.8,131.8,19.0,10.7,122.0,normal
b5277683-3ea9-50a1-a4a2-4cb78111df80,5,133.0,117.0,139.0,22.0,18.2,134.2,deliberative
96a0b6ce-f638-5f70-862a-2a197ccbf140,5,101.0,98.0,101.0,3.0,24.3,105.2,normal
758ee82d-c26d-5391-a2b0-e6c505b3db53,5,71.0,58.0,78.0,20.0,20.2,71.0,ballistic
f2f88510-da0a-54aa-8530-a22c872d3bb9,5,124.0,109.0,135.0,26.0,21.3,117.8,deliberative
e8136cff-5a22-5dcf-a307-63fab7e7a117,5,83.0,73.0,83.0,10.0,28.3,85.4,normal
6b819819-db8d-5515-9589-6559e396a512,5,125.0,100.0,134.0,34.0,25.2,124.4,deliberative
79fb3332-ee0f-5e0c-a4f6-b7830707158d,5,98.0,92.0,111.0,19.0,23.0,107.2,normal
c1625e77-cb77-52f7-8926-77d689abeeea,5,100.0,68.0,133.0,65.0,41.9,91.4,normal
167dad83-f210-565d-99cf-7fa5cca2e34d,5,135.0,102.0,141.0,39.0,61.6,124.4,deliberative
5ea83be4-b358-5676-bf4e-c313567618ba,5,65.0,45.0,79.0,34.0,17.3,61.0,ballistic
ee2d5546-8ab4-5003-9ad6-f33e02b078be,5,135.0,125.0,150.0,25.0,229.8,244.2,deliberative
6c4a531b-66d1-5521-8932-983418633ff8,5,100.0,83.0,125.0,42.0,26.7,103.4,normal
c5dcbb9e-6e31-5a05-8042-4cc17a005926,5,88.0,68.0,88.0,20.0,16.0,83.6,normal
8404a6e6-f9f6-540c-bbd7-3b249ef2502e,5,125.0,124.0,142.0,18.0,10.4,130.2,deliberative
be4aa38f-3a3f-57ea-aab4-f4a5bd747be2,5,103.0,100.0,126.0,26.0,18.2,109.0,normal
38a77d7a-e932-571f-83b4-20b96bf29e84,5,116.0,115.0,117.0,2.0,15.2,113.4,normal
9c732e11-d7e3-5657-ba8d-52d5e899927d,5,130.0,125.0,147.0,22.0,12.7,133.8,deliberative
3736e79b-5e9d-56d6-9fa7-6b20d40222a1,4,129.0,116.8,147.5,30.8,20.9,135.2,deliberative
edb0107b-508a-59ab-a020-b9a45c70ba8f,4,46.0,28.5,63.5,35.0,18.0,46.0,ballistic
1df238cc-9039-5094-b183-4a1ee3608044,4,146.5,134.8,158.2,23.5,12.0,146.5,deliberative
048e19df-3254-5b2f-b3a9-c740c2682231,4,212.5,133.8,291.2,157.5,79.0,212.5,extended
50e3173c-97c8-5246-b46a-a5f68f7c868b,4,89.5,80.0,268.2,188.2,302.2,258.8,normal
77a4ad00-d100-539d-aea5-64789774e143,4,102.0,88.5,129.2,40.8,49.1,115.8,normal
7f9782bc-6250-5cbc-9f27-d2173bdf77a2,4,154.5,142.8,166.2,23.5,12.0,154.5,deliberative
a393b827-a39c-5c1f-a286-bb7a9f925d26,4,140.0,130.0,149.2,19.2,10.4,139.2,deliberative
6a11ac34-6ed1-5b25-8147-ec46bda3c6c2,4,127.0,113.8,140.0,26.2,13.3,126.8,deliberative
82b73e44-bb60-54a3-a68c-0c17ea33f225,4,108.0,99.8,116.0,16.2,8.3,107.8,normal
25ee38ce-1f12-55b0-aaf0-03678f9d21ad,4,99.0,80.8,117.2,36.5,18.5,99.0,normal
37967cd1-1964-53f3-b0fd-3c7f09a9d752,4,158.0,141.5,166.2,24.8,20.6,149.8,deliberative
a66d8b64-aaab-5428-84c6-03225fbcd8ff,4,141.5,133.5,149.5,16.0,8.6,141.5,deliberative
c6350dfd-ecdd-500d-b909-986fc92aa1fe,4,145.5,123.5,286.5,163.0,236.3,264.5,deliberative
1bcf8f80-e94a-5a76-aab5-ff6b6fbfece5,4,154.5,142.8,166.5,23.8,12.3,154.8,deliberative
96bf7f3d-2ca3-5325-b0d2-c5a69e44b914,4,130.5,125.2,272.0,146.8,243.9,266.8,deliberative
eda5b3f7-fbc4-5d72-8f1c-374f6b098539,4,140.5,124.8,156.2,31.5,16.0,140.5,deliberative
3c9c1cec-ee42-5f58-bc96-978ba61916c8,4,85.0,77.8,92.0,14.2,7.3,84.8,normal
af95c6e0-be59-544f-b0dd-d6a20d1caeef,4,146.0,141.5,150.5,9.0,5.1,146.0,deliberative
410ace94-8a4a-5ad8-98fd-7a6e87a442a6,4,166.0,156.8,175.0,18.2,9.3,165.8,extended
1cb7e7ed-afad-5b56-9754-014346fac320,4,117.5,101.5,133.2,31.8,16.3,117.2,normal
86174239-5b2b-554b-a37f-af1e0df220fb,4,121.5,110.8,132.2,21.5,11.0,121.5,deliberative
f8495e6d-9bc0-5227-b4a1-c65ff4ae3f26,4,166.0,135.2,196.5,61.2,31.3,165.8,extended
0982a9b9-36f4-5a25-a997-8247e724b4a7,4,104.5,100.8,108.0,7.2,3.8,104.2,normal
efe14497-af27-538a-a82b-7d74b4e1515c,4,115.0,96.5,133.2,36.8,18.8,114.8,normal
6de00a2b-0719-544b-a230-674f260e2346,4,103.5,102.0,105.2,3.2,1.8,103.8,normal
aa9156f3-04b1-542e-91a5-338395025abb,4,102.0,100.2,103.5,3.2,2.6,101.8,normal
a23407a5-786b-59cb-8539-74253d149e12,4,100.0,75.5,117.0,41.5,28.2,92.5,normal
6e18b8ab-8da3-5a4e-bbce-b0284837c2b2,4,116.5,108.8,124.2,15.5,8.0,116.5,normal
a6bb10e1-95e4-5935-a5b3-e1f1e9e5cdcb,4,123.5,92.0,155.5,63.5,32.0,124.0,deliberative
2b2daed5-7c62-5b76-b156-28c671dd9163,4,144.5,110.0,179.2,69.2,34.8,144.8,deliberative
227d0f1a-c4d8-56da-bf70-1c55fd403c6c,4,593.0,67.5,1118.5,1051.0,526.0,593.0,extended
2d7c473b-638c-5c0b-a7e9-eab79b3b2794,4,116.0,112.0,121.0,9.0,12.8,117.0,normal
ec543ebd-b6e7-5ff9-96c8-37c9b8dec3a9,4,116.5,83.5,149.2,65.8,33.3,116.2,normal
0127e310-64b0-52b8-b1ad-4dd5acddf635,4,74.0,58.0,90.2,32.2,16.3,74.2,ballistic
b800a4d7-f80a-5443-a236-f068dd72eeb8,4,107.5,83.8,131.5,47.8,24.3,107.8,normal
817b2db2-f7da-593f-bd36-7bf9b460114a,4,122.5,119.8,125.2,5.5,3.0,122.5,deliberative
5f3f857e-f2a9-576d-b0b6-8121d7fd08a3,4,130.5,117.8,143.2,25.5,13.0,130.5,deliberative
19df12b3-7426-5f9c-a35b-206caccbf559,4,94.5,88.5,100.0,11.5,6.0,94.0,normal
3d665f56-e0e0-59e1-958e-94ce4e791a8e,4,162.5,143.8,181.2,37.5,19.0,162.5,extended
fa286c04-12ca-518f-93d3-0229ba7b76e5,4,100.0,91.8,108.2,16.5,8.5,100.0,normal
b533bf7d-a3de-5829-80d1-0050dc8ce3bc,4,123.0,96.8,149.0,52.2,26.3,122.8,deliberative
a774e53c-2a0a-5b28-ae48-3c6c1ff62668,4,105.5,95.8,120.8,25.0,24.6,111.0,normal
45146d36-3654-5e34-8a4e-e98dea705cec,4,71.5,59.5,83.2,23.8,12.3,71.2,ballistic
47e7312e-9681-59b0-995b-1af8a4818e68,4,149.0,133.5,164.2,30.8,15.8,148.8,deliberative
7b77ced6-b265-5b88-aac8-a2030421a1d0,4,119.5,103.2,235.2,132.0,195.9,219.0,normal
90b1af59-9ca4-517a-a6fa-5ae35ae777f5,4,141.5,141.0,142.2,1.2,0.8,141.8,deliberative
f210482e-8b95-530b-ae28-9c52a05ad383,4,169.0,134.5,203.2,68.8,34.8,168.8,extended
f6e37a1a-bdc4-511d-a96f-05913ae8fd16,4,109.0,108.8,109.0,0.2,0.4,108.8,normal
f7b8d785-8f26-5f25-bd43-e4382b0ba68d,4,149.5,72.0,227.5,155.5,78.0,150.0,deliberative
f527b20b-cbd7-5c83-b7d7-9db2a0942d8e,4,100.0,95.5,104.0,8.5,12.0,99.5,normal
ab95dc91-6f7f-5124-9543-eb2560b9f792,4,105.0,101.5,108.5,7.0,4.1,105.0,normal
cc53bc7d-e6cd-5937-9c6b-0f81f7f60843,4,84.5,67.8,103.8,36.0,19.9,87.0,normal
4d76a54c-eb30-592f-84a9-dc8bd1eb12b0,4,112.0,107.8,116.2,8.5,4.5,112.0,normal
af3d9278-af1e-5c87-82f1-584cb1d9c819,4,140.5,128.8,152.0,23.2,11.8,140.2,deliberative
ba3cc4db-f09c-5f41-a973-f75b1f4081b5,4,116.5,116.0,117.2,1.2,0.8,116.8,normal
d4fce4fe-44c3-5a44-9730-cd5be8b8652a,4,126.5,108.5,137.2,28.8,22.8,119.2,deliberative
a1a75c5c-0e56-54b1-a6a0-5d51171f3bee,4,149.5,140.8,154.0,13.2,18.2,145.2,deliberative
01012401-fb8c-52de-9a6b-75c1c6d4778d,4,108.5,100.8,116.0,15.2,7.8,108.2,normal
33462283-b087-5d3e-831e-68d466d855ce,4,133.5,133.0,134.2,1.2,0.8,133.8,deliberative
c0771e65-5688-5fbf-b666-a2e443b39710,4,116.5,116.0,117.2,1.2,0.8,116.8,normal
d90498ab-82d9-578a-a1c5-5f40d8a78245,4,107.0,90.0,124.5,34.5,17.5,107.5,normal
9c3c24ce-a868-5015-a1fa-f1f4263010a7,4,116.5,116.0,126.2,10.2,16.3,125.8,normal
399ba017-1c64-5071-82d6-1545e061d0a0,4,170.5,147.0,194.2,47.2,23.8,170.8,extended
0d441fdb-a7eb-5804-9703-0298a1c47b05,4,138.5,109.8,167.2,57.5,29.0,138.5,deliberative
71c92a5e-4a34-5351-aa0c-c581dfdb0721,4,108.5,108.0,109.5,1.5,1.2,109.0,normal
6315ae81-38d0-5453-b1bd-f1e0222d01ff,4,18.5,17.8,19.2,1.5,1.1,18.5,ballistic
ea54e45a-0ed1-5544-bb1b-b67a4dd988d9,4,123.5,108.8,138.2,29.5,15.0,123.5,deliberative
a2a2d167-9d8a-5fa3-bb24-d74b72d96a45,3,131.0,112.5,132.0,19.5,17.9,119.3,deliberative
ae2f0e61-e73b-5719-9f03-3083874d67ff,3,140.0,124.0,157.5,33.5,27.4,141.0,deliberative
43bc4ef6-6dd9-5134-a455-a0fbdf93b790,3,149.0,121.0,157.0,36.0,30.9,135.7,deliberative
b927ebab-b72b-5966-9e5e-6e699089fdb8,3,130.0,122.5,138.0,15.5,12.7,130.3,deliberative
e4f66fa4-9606-5919-be3b-1fbcd095af4c,3,99.0,96.5,122.0,25.5,23.0,112.7,normal
5d02af47-e752-55f4-8321-8e55075d028b,3,94.0,81.0,113.5,32.5,26.7,98.3,normal
9317132f-c3b3-5090-9059-d35119c59cd3,3,108.0,86.5,124.5,38.0,31.1,104.7,normal
ed237ad0-5563-53f0-8e02-449471083610,3,124.0,116.5,124.5,8.0,7.3,119.3,deliberative
8724c8aa-40f8-5d46-a80a-d6ee266eacec,3,84.0,76.0,100.5,24.5,20.4,89.7,normal
98219b51-8eb6-50c4-9fe7-d513dcbcc049,3,116.0,108.0,124.5,16.5,13.5,116.3,normal
561cbcbd-1b72-5bb2-af73-d0156b248f5d,3,128.0,120.0,154.5,34.5,29.5,140.3,deliberative
9d3a7c25-6003-5654-8e7e-d07c77682cf2,3,17.0,16.5,17.0,0.5,0.5,16.7,ballistic
91104c1d-f93b-51ce-b8c1-16db2a1a039d,3,135.0,125.5,638.0,512.5,478.8,464.0,deliberative
e15dfa17-a14e-58db-98aa-80b21037b3ca,3,98.0,82.5,107.0,24.5,20.2,93.7,normal
c9eb8da2-2daf-5ab3-a6f2-2d1d9322716a,3,98.0,74.0,115.5,41.5,34.0,93.7,normal
73bed73a-36cb-5756-8335-555433bb70de,3,133.0,127.0,151.5,24.5,20.9,141.3,deliberative
3ffc0e1c-13aa-5c44-87c2-a7fcd595c23d,3,152.0,151.0,175.5,24.5,22.6,167.0,deliberative
cc1b5c40-75fb-51f0-9765-d1c2d14bb4bd,3,130.0,122.5,132.0,9.5,8.2,126.3,deliberative
2da47439-18bb-5c45-9119-1c24cd674d2e,3,64.0,64.0,80.5,16.5,15.6,75.0,ballistic
3dac8f90-f95a-5bdb-88ba-de20be67ad2d,3,107.0,91.0,124.0,33.0,26.9,107.7,normal
bbbad237-ff6d-58bc-85d4-4d30af4d7d72,3,133.0,125.0,133.0,8.0,7.5,127.7,deliberative
ae962fac-6ed3-563c-8035-e0d9a50931fc,3,128.0,122.0,130.5,8.5,7.1,125.7,deliberative
65542429-7783-5591-bac7-35a6b23e9512,2,134.0,133.5,134.5,1.0,1.0,134.0,deliberative
2db7e3af-85c8-508d-8d13-68106c6de78a,2,135.5,135.2,135.8,0.5,0.5,135.5,deliberative
5ba2d5e8-a8d1-59fe-a97e-6108ef48069b,2,409.0,265.5,552.5,287.0,287.0,409.0,extended
1a04d00f-513f-57b6-b18e-d54a28202167,2,148.5,148.2,148.8,0.5,0.5,148.5,deliberative
f6f7b2e7-bed6-5281-8a3b-a6f7442ec763,2,125.0,116.5,133.5,17.0,17.0,125.0,deliberative
91bdc331-d485-59f9-b9d4-a5370a74ba71,2,86.0,85.5,86.5,1.0,1.0,86.0,normal
8b8b65aa-6206-58f2-9840-8caef55e402d,2,149.5,149.2,149.8,0.5,0.5,149.5,deliberative
d693b4f5-e0e1-5573-a50b-f3f67509fbed,2,101.0,99.0,103.0,4.0,4.0,101.0,normal
f3a6e17a-45c1-5129-8911-6930f1cd6359,2,124.5,124.2,124.8,0.5,0.5,124.5,deliberative
a0b29b4c-1e37-5a24-85c2-be6f95e8bb2a,2,83.5,83.2,83.8,0.5,0.5,83.5,normal
4e70fc99-ecb5-5614-a924-1e392a303e09,2,112.5,112.2,112.8,0.5,0.5,112.5,normal
8f65bda8-0f8a-5333-bb78-d0e8e09dcf79,2,116.0,107.5,124.5,17.0,17.0,116.0,normal
1bb40544-e6b7-5256-b519-7ec71a308c03,2,90.5,90.2,90.8,0.5,0.5,90.5,normal
32f1b6d3-7dbb-5609-9621-e20c8df2aee7,2,153.5,153.2,153.8,0.5,0.5,153.5,deliberative
378cc151-6ef3-5c9d-b757-b41263d28a76,2,110.5,110.2,110.8,0.5,0.5,110.5,normal
a2c74245-2ba8-5cf8-b018-028784c74c9d,2,126.0,126.0,126.0,0.0,0.0,126.0,deliberative
442bf7b9-3143-5459-b898-8f60a1d6a65a,2,83.5,83.2,83.8,0.5,0.5,83.5,normal
47c77a00-fc84-5b4b-89cf-3af9d8ead3d1,2,92.0,92.0,92.0,0.0,0.0,92.0,normal
43b564ca-2f91-5831-9432-1a8d7a299db5,2,137.0,131.0,143.0,12.0,12.0,137.0,deliberative
1cfed761-a13f-55ba-a8bf-c43f33cbd5af,2,126.0,118.0,134.0,16.0,16.0,126.0,deliberative
6111903e-dc2e-5284-b456-45786076e400,2,96.5,96.2,96.8,0.5,0.5,96.5,normal
6d495d14-c8eb-59e6-910c-4743e403faee,2,107.0,99.5,114.5,15.0,15.0,107.0,normal
fe30f369-fdce-5fe7-88df-1de713e868ee,2,116.0,115.5,116.5,1.0,1.0,116.0,normal
894609ac-f721-561a-aa45-0d1086ff090c,2,117.0,116.5,117.5,1.0,1.0,117.0,normal
ec2a5651-b750-583c-8dc6-ccb9dee4accf,2,172.0,172.0,172.0,0.0,0.0,172.0,extended
36797f98-48b3-5d86-a84b-e5f8345e19d0,2,83.0,82.5,83.5,1.0,1.0,83.0,normal
96cc0b5a-5382-525d-9b3f-10fb9664d07c,2,133.0,133.0,133.0,0.0,0.0,133.0,deliberative
188ec15c-2800-5ec2-b59b-94098bd26799,2,103.0,101.5,104.5,3.0,3.0,103.0,normal
f168e4f7-d1d5-5de5-9991-04d64aa4715b,2,133.5,133.2,133.8,0.5,0.5,133.5,deliberative
81f3bd61-dad9-5c2e-8ce2-c3a22e0e01d7,2,99.0,80.0,118.0,38.0,38.0,99.0,normal
138058a3-1565-5e8a-8155-67f256eb8be5,2,89.0,88.5,89.5,1.0,1.0,89.0,normal
81c62009-7db9-524b-9668-1e63135e793e,2,136.0,121.0,151.0,30.0,30.0,136.0,deliberative
8c4d3e0d-04e8-50f7-990b-abdc884607d3,2,59.5,59.2,59.8,0.5,0.5,59.5,ballistic
f3b60286-ea8e-50ce-806e-9dc17fd2fa4d,2,157.0,144.0,170.0,26.0,26.0,157.0,deliberative
24a0da0d-954b-50f5-ad61-17ffda322640,2,64.0,63.5,64.5,1.0,1.0,64.0,ballistic
f93178cd-4fbe-52a9-829a-0a059dae418b,2,130.5,130.2,130.8,0.5,0.5,130.5,deliberative
3d8c05e6-681f-55ee-bedb-542884d31f89,2,62.5,61.8,63.2,1.5,1.5,62.5,ballistic
2f560e90-1c6a-5531-9244-aeae90e0e958,2,90.5,89.8,91.2,1.5,1.5,90.5,normal
dac59b28-42df-5d95-8d7f-6cb55e136a04,2,166.5,166.2,166.8,0.5,0.5,166.5,extended
9513303f-61dc-5f08-8775-998110a89805,2,149.5,141.2,157.8,16.5,16.5,149.5,deliberative
eb26c9e2-3915-5bc9-97df-f85424354de0,2,130.0,129.5,130.5,1.0,1.0,130.0,deliberative
69b32ef2-c94d-5a20-ac97-ab01e9e641be,2,99.0,86.5,111.5,25.0,25.0,99.0,normal
13b843e9-0371-5af5-a6d5-ff0fca9adebf,2,100.0,99.5,100.5,1.0,1.0,100.0,normal
394fb783-034a-5196-bab8-b833f0104ade,2,49.5,49.2,49.8,0.5,0.5,49.5,ballistic
d2e7de55-4588-55d2-ae52-5a96cd94eb16,2,129.5,127.8,131.2,3.5,3.5,129.5,deliberative
1afbd43d-3686-5d0c-9ecb-949c591df1d3,2,101.0,100.5,101.5,1.0,1.0,101.0,normal
08659f32-1ae2-5749-8e7e-36aa6417d3b8,2,92.5,91.8,93.2,1.5,1.5,92.5,normal
db5904bd-4419-5636-9ec7-7515ea5ecfcf,2,150.5,150.2,150.8,0.5,0.5,150.5,deliberative
8c31ff45-0c7b-5be2-95a9-38f3109b7888,2,143.0,142.5,143.5,1.0,1.0,143.0,deliberative
2a5b060c-340e-5b78-84ec-c41949acb70a,2,125.5,120.8,130.2,9.5,9.5,125.5,deliberative
c38c7481-9b1f-5b3c-8043-b2218a86da53,2,92.0,91.5,92.5,1.0,1.0,92.0,normal
2d03202b-1900-5a43-8eb7-45c212e5a99c,2,83.0,83.0,83.0,0.0,0.0,83.0,normal
17cd1ee7-6361-5f4f-b920-4776d958b048,2,111.5,109.2,113.8,4.5,4.5,111.5,normal
c292b63c-9f63-5863-abd3-24ff9658b220,2,18.0,17.5,18.5,1.0,1.0,18.0,ballistic
2aba8c10-447d-5aa2-b8cf-128645a55270,2,95.5,87.2,103.8,16.5,16.5,95.5,normal
68053d77-f827-5f9c-8f9a-bff5746f81f3,2,142.5,142.2,142.8,0.5,0.5,142.5,deliberative
ce1760c5-e338-5613-ade0-a502c0cc0479,2,118.5,99.8,137.2,37.5,37.5,118.5,normal
3179b118-4af4-5bc7-be48-d1c8f181cfed,2,125.0,125.0,125.0,0.0,0.0,125.0,deliberative
a317ac00-35ac-5cc2-b61c-659d99f1cb21,2,120.0,114.0,126.0,12.0,12.0,120.0,deliberative
c22082ce-b630-5d60-adad-002454194b9c,2,127.5,121.8,133.2,11.5,11.5,127.5,deliberative
ec100117-5802-5aa3-8467-0e3fd6347dd9,2,96.0,89.5,102.5,13.0,13.0,96.0,normal
1bf923fa-b1a6-53fe-96a4-a45e5a83482f,2,100.5,100.2,100.8,0.5,0.5,100.5,normal
7bcdaf05-1625-5eb5-ba01-9ac693137359,2,101.0,100.5,101.5,1.0,1.0,101.0,normal
3e5acc94-b63b-530e-929d-b9ca3f5fb553,2,99.5,98.8,100.2,1.5,1.5,99.5,normal
2e4a05f2-6829-54d5-9165-3a045b413b73,2,145.0,144.5,145.5,1.0,1.0,145.0,deliberative
54452a94-f5b6-5e5b-aa13-bfd949dc5da9,2,109.0,94.5,123.5,29.0,29.0,109.0,normal
7a30a8d7-6fb2-57b3-84bf-df27ca64320b,2,108.5,108.2,108.8,0.5,0.5,108.5,normal
c28dcc0d-6a16-58dd-a376-1926b79f3f74,2,90.5,90.2,90.8,0.5,0.5,90.5,normal
40e42b17-872c-5268-ab6e-d1d369c4c4df,2,99.5,99.2,99.8,0.5,0.5,99.5,normal
09705a42-dd6c-5940-825f-5877771f8809,2,104.5,87.8,121.2,33.5,33.5,104.5,normal
72ca21fb-01fa-5da1-bc40-30cf0a5a080f,2,98.0,98.0,98.0,0.0,0.0,98.0,normal
5d8a870d-af7b-57f8-9020-155818d93c93,2,885.5,481.2,1289.8,808.5,808.5,885.5,extended
b96c32c7-d385-5f28-a9ff-a5fcc99348ab,2,92.5,91.8,93.2,1.5,1.5,92.5,normal
b50a9747-842c-5a0d-a60c-28f44a049af6,2,109.0,108.5,109.5,1.0,1.0,109.0,normal
8aea689f-6148-5582-bc46-6d2205760bf1,2,141.5,141.2,141.8,0.5,0.5,141.5,deliberative
7b7db7ec-881e-51e1-a06b-e634753c5eaa,2,141.0,140.5,141.5,1.0,1.0,141.0,deliberative
81c47697-f743-5b28-a982-fc7618d65cb8,2,76.5,75.8,77.2,1.5,1.5,76.5,ballistic
774d9e65-e453-5b7e-8765-2a2d7b73f263,2,14.0,14.0,14.0,0.0,0.0,14.0,ballistic
c1cc2066-068b-5f2b-8004-c48e5f534266,2,133.5,133.2,133.8,0.5,0.5,133.5,deliberative
f7ec2c47-6ef2-5df5-853e-23f922d382c3,2,120.5,120.2,120.8,0.5,0.5,120.5,deliberative
7679022d-9210-5e6b-9c1b-0adbb2520030,2,94.5,94.2,94.8,0.5,0.5,94.5,normal
a87de752-18a8-5f5e-98ec-ab160363b60e,2,124.5,103.8,145.2,41.5,41.5,124.5,deliberative
31b11e18-1142-5298-9e47-c4dc901395ff,2,66.0,66.0,66.0,0.0,0.0,66.0,ballistic
1c2cb366-e7d5-517c-b595-5c100292e6e6,2,117.0,117.0,117.0,0.0,0.0,117.0,normal
9fdac360-5577-5d85-a93c-a67f4d7c02f5,2,100.5,100.2,100.8,0.5,0.5,100.5,normal
6e49db90-0c33-5ab4-94a8-a3391384296f,2,125.0,125.0,125.0,0.0,0.0,125.0,deliberative
b9777c5d-5da9-5b6f-98fd-389dfea33021,2,81.5,80.8,82.2,1.5,1.5,81.5,normal
fc63863c-f977-5168-a004-4d69618cc557,2,169.5,169.2,169.8,0.5,0.5,169.5,extended
1e7e6876-722a-5abe-b729-df7a58c77655,2,119.5,117.8,121.2,3.5,3.5,119.5,normal
5da9602b-a365-5c85-8be7-10d840dbc595,2,109.0,108.5,109.5,1.0,1.0,109.0,normal
d21fd162-b532-5771-8077-140092b5766e,2,116.5,116.2,116.8,0.5,0.5,116.5,normal
e809ca58-d434-53a5-8d3a-d1f733489f3a,2,137.5,137.2,137.8,0.5,0.5,137.5,deliberative
42a53ee2-26bd-5632-b503-7d58aaeb84b9,2,108.5,108.2,108.8,0.5,0.5,108.5,normal
1f619625-99c7-5e8c-9c8f-e1e55b0a1620,2,112.5,110.2,114.8,4.5,4.5,112.5,normal
96410982-e5d9-5337-9577-6dfd138b4b2c,2,127.5,126.8,128.2,1.5,1.5,127.5,deliberative
0c312426-bd0e-540e-80c1-00e5246646fc,2,175.5,175.2,175.8,0.5,0.5,175.5,extended
2b9bdb49-6d98-5ae5-9106-7f3995f4223a,2,121.5,109.2,133.8,24.5,24.5,121.5,deliberative
114c4583-f681-5b97-a260-ca9b8b87a41d,2,117.0,117.0,117.0,0.0,0.0,117.0,normal
18cb6f64-d84b-567b-b32e-5829a1724aaa,2,91.5,91.2,91.8,0.5,0.5,91.5,normal
8fb1491e-b0f0-56fe-b6a9-1a0b3f4590d5,2,41.5,41.2,41.8,0.5,0.5,41.5,ballistic
ac1e2e3e-8c27-5915-add7-7e7dd253fec5,2,80.5,80.2,80.8,0.5,0.5,80.5,normal
953098aa-6c3b-57ad-8291-80d6867f7c2f,2,150.5,149.2,151.8,2.5,2.5,150.5,deliberative
f78dbec5-fb46-5958-b625-af853ddd0181,2,126.0,124.0,128.0,4.0,4.0,126.0,deliberative
88b02ed7-d2c1-57ad-934c-d4ebbd572d24,2,126.0,115.5,136.5,21.0,21.0,126.0,deliberative
a01a7406-3907-59fc-987f-f0fab538ad6c,1,125.0,125.0,125.0,0.0,0.0,125.0,deliberative
48cbca41-6de3-582d-96e5-1651fd5c4bb5,1,150.0,150.0,150.0,0.0,0.0,150.0,deliberative
437b062d-1163-5881-82f2-b076ff7bf7bf,1,82.0,82.0,82.0,0.0,0.0,82.0,normal
9afc6096-59a4-505a-9320-032dd21d6a57,1,116.0,116.0,116.0,0.0,0.0,116.0,normal
4c463c9d-ad10-585d-ba0b-e334a31cdaed,1,74.0,74.0,74.0,0.0,0.0,74.0,ballistic
6659cbf8-a9c0-516e-b3ab-fe416dbb57d5,1,91.0,91.0,91.0,0.0,0.0,91.0,normal
76d23989-5db4-5c1a-8138-b5922398d229,1,133.0,133.0,133.0,0.0,0.0,133.0,deliberative
8de352e7-f97b-5dc2-84ee-7c6240159e6a,1,115.0,115.0,115.0,0.0,0.0,115.0,normal
b49c93e3-bdbc-5dc8-bbb4-86f6826ed7f1,1,116.0,116.0,116.0,0.0,0.0,116.0,normal
245c4edb-28ec-567b-9503-339f9d12022b,1,75.0,75.0,75.0,0.0,0.0,75.0,ballistic
7beda1d3-cb03-5480-8971-40bf0d1cec8a,1,108.0,108.0,108.0,0.0,0.0,108.0,normal
854317dd-31a3-5c88-9760-5b4d6551b29e,1,150.0,150.0,150.0,0.0,0.0,150.0,deliberative
9743d8ba-0834-597b-bc76-0a63cf637f12,1,102.0,102.0,102.0,0.0,0.0,102.0,normal
1add5b83-9626-5841-b777-0d6d8e4cfa65,1,70.0,70.0,70.0,0.0,0.0,70.0,ballistic
5dc4b69b-7ab6-5883-937a-76c07c94987f,1,149.0,149.0,149.0,0.0,0.0,149.0,deliberative
5806fa0c-c60b-517a-b296-0eed5d19e55a,1,64.0,64.0,64.0,0.0,0.0,64.0,ballistic
05d1e185-debd-5377-8778-752ac083abb0,1,124.0,124.0,124.0,0.0,0.0,124.0,deliberative
6fe38aa9-fea9-5ed3-a0b3-ac0baaed75cb,1,108.0,108.0,108.0,0.0,0.0,108.0,normal
16c861f7-92a1-5917-b809-ec0ce2d3af60,1,91.0,91.0,91.0,0.0,0.0,91.0,normal
42f07e90-b3f7-540b-b077-645ed063dd9c,1,137.0,137.0,137.0,0.0,0.0,137.0,deliberative
6610fea9-4130-56de-a8a1-01ea052a2cbb,1,107.0,107.0,107.0,0.0,0.0,107.0,normal
14fb08db-104d-5b45-a8ec-27b264153daa,1,88.0,88.0,88.0,0.0,0.0,88.0,normal
f6d05a3e-a395-59aa-b837-cb1cfd556128,1,99.0,99.0,99.0,0.0,0.0,99.0,normal
c8958abd-9212-52ae-83bb-48bc925fbe95,1,93.0,93.0,93.0,0.0,0.0,93.0,normal
99df8a6a-b4e2-543c-b8d4-b26cbc0acf15,1,130.0,130.0,130.0,0.0,0.0,130.0,deliberative
205fc01a-af80-5f22-89de-fd794734b6a2,1,83.0,83.0,83.0,0.0,0.0,83.0,normal
fbc2fd7c-1ede-5ddf-af80-358db9af4929,1,81.0,81.0,81.0,0.0,0.0,81.0,normal
763f01b2-4ee2-5422-8242-810223c81aa6,1,91.0,91.0,91.0,0.0,0.0,91.0,normal
9d68106f-f54b-577b-8e97-b66346f8e1b9,1,84.0,84.0,84.0,0.0,0.0,84.0,normal
a3393a01-d8ab-5a57-87f6-9ccb8c118304,1,133.0,133.0,133.0,0.0,0.0,133.0,deliberative
264c4dd3-7e77-57f4-9ac7-1e20a33a3e0c,1,141.0,141.0,141.0,0.0,0.0,141.0,deliberative
146ae1b2-c171-5b56-bfe7-a95df0e23139,1,124.0,124.0,124.0,0.0,0.0,124.0,deliberative
4e95991a-6d23-5983-a5b8-7110c4f0e80a,1,91.0,91.0,91.0,0.0,0.0,91.0,normal
2fc39632-f22e-559a-8922-a8cd6bdab0d0,1,61.0,61.0,61.0,0.0,0.0,61.0,ballistic
8379cff1-d1e7-5811-b825-b32167c7fcdb,1,122.0,122.0,122.0,0.0,0.0,122.0,deliberative
c6c9356e-2258-5bcc-9b76-eb95da5a5b52,1,98.0,98.0,98.0,0.0,0.0,98.0,normal
da5236b4-25ee-5e4b-b479-e67687945074,1,116.0,116.0,116.0,0.0,0.0,116.0,normal
5cee7906-48b7-5101-bb9c-bd5ede8781c1,1,133.0,133.0,133.0,0.0,0.0,133.0,deliberative
25443f23-5b17-58fe-9339-b4e9ab95db20,1,91.0,91.0,91.0,0.0,0.0,91.0,normal
beb46367-37fd-52dc-87a6-ae2de56bebad,1,150.0,150.0,150.0,0.0,0.0,150.0,deliberative
7f875b05-83a5-5dbb-b4fd-68cecb8bd340,1,94.0,94.0,94.0,0.0,0.0,94.0,normal
620b3ae7-f43e-5368-a457-dc89a91b6fc5,1,135.0,135.0,135.0,0.0,0.0,135.0,deliberative
f7e0b817-209d-5086-9b60-c7c8ae6e60f5,1,116.0,116.0,116.0,0.0,0.0,116.0,normal
ee8a650b-4425-5679-bef6-6d5fdc099e4f,1,130.0,130.0,130.0,0.0,0.0,130.0,deliberative
15d276f5-3052-594f-b15f-b3718b873524,1,116.0,116.0,116.0,0.0,0.0,116.0,normal
eff06af0-badb-5889-81c7-4a9023a19c16,1,108.0,108.0,108.0,0.0,0.0,108.0,normal
ab4a2cb5-79f1-5ab6-92f5-e79ecb3eeeb5,1,100.0,100.0,100.0,0.0,0.0,100.0,normal
bb21c57d-8cf4-5ede-89a6-400b507e648d,1,83.0,83.0,83.0,0.0,0.0,83.0,normal
53463ffa-2fb8-539e-afef-a75527f0aef0,1,42.0,42.0,42.0,0.0,0.0,42.0,ballistic
275dd7a9-396f-5a3f-a2bc-956d0b217ad6,1,133.0,133.0,133.0,0.0,0.0,133.0,deliberative
dea72222-1025-5764-b7a8-190c07512ebf,1,67.0,67.0,67.0,0.0,0.0,67.0,ballistic
66a6cd2f-b768-5880-9bc4-6bd8ea119c27,1,108.0,108.0,108.0,0.0,0.0,108.0,normal
1bef1494-f660-532b-86ee-6b1b1fca4e5d,1,208.0,208.0,208.0,0.0,0.0,208.0,extended
2f7e2db6-47fc-54aa-a35e-c9eda89573ac,1,83.0,83.0,83.0,0.0,0.0,83.0,normal
ab0fb5c6-d5d6-52fe-abab-d05f20899b57,1,150.0,150.0,150.0,0.0,0.0,150.0,deliberative
788a0d35-0af5-55cb-b745-70d55c5905b3,1,125.0,125.0,125.0,0.0,0.0,125.0,deliberative
1b6c86e7-86d1-55d6-a25b-cdf519ed69db,1,137.0,137.0,137.0,0.0,0.0,137.0,deliberative
16241dd7-0765-50fd-b9ea-501a381a863d,1,103.0,103.0,103.0,0.0,0.0,103.0,normal
d580cb7e-3646-5478-a482-d6f0ef581c12,1,210.0,210.0,210.0,0.0,0.0,210.0,extended
7722465f-ca5d-5e78-94ad-7f6968185c14,1,72.0,72.0,72.0,0.0,0.0,72.0,ballistic
596adb83-3db8-5276-874c-213d91679955,1,183.0,183.0,183.0,0.0,0.0,183.0,extended
8c9c2f1b-6414-57a0-9fd9-997af81b76d7,1,124.0,124.0,124.0,0.0,0.0,124.0,deliberative
4eaa289e-35ec-545d-b4f3-147cdfe88bcb,1,95.0,95.0,95.0,0.0,0.0,95.0,normal
89583f59-cbb5-5cb0-b3d2-7d698785429f,1,133.0,133.0,133.0,0.0,0.0,133.0,deliberative
c1beaaa1-ff56-5077-bbe3-030a08e3a101,1,149.0,149.0,149.0,0.0,0.0,149.0,deliberative
2d5bd9b5-4000-5f31-8669-b269f4c93d93,1,134.0,134.0,134.0,0.0,0.0,134.0,deliberative
7e3cd622-abc6-57f4-b268-38c060577832,1,116.0,116.0,116.0,0.0,0.0,116.0,normal
42d3c641-5ff2-5423-8533-db73cbe88f95,1,127.0,127.0,127.0,0.0,0.0,127.0,deliberative
15d4b639-be59-5fef-9e50-89c0f3b337cd,1,358.0,358.0,358.0,0.0,0.0,358.0,extended
65508a3a-7e61-569f-bd0d-bff07d9f61fe,1,133.0,133.0,133.0,0.0,0.0,133.0,deliberative
69d53494-bc8b-5f7b-8fd2-be77174dc777,1,83.0,83.0,83.0,0.0,0.0,83.0,normal
a51fdaa6-a558-5b81-97f3-b32bda4a35c2,1,149.0,149.0,149.0,0.0,0.0,149.0,deliberative
53dab9df-c725-5e40-ba3f-d53956e18cb7,1,114.0,114.0,114.0,0.0,0.0,114.0,normal
91b5fefe-470f-5d53-a4b0-3ad8c05a5c83,1,133.0,133.0,133.0,0.0,0.0,133.0,deliberative
e59c8ab8-443f-53a5-9bb5-8439a42a8dca,1,116.0,116.0,116.0,0.0,0.0,116.0,normal
2dcd0493-5703-5dc3-b482-cbe2bc3682b2,1,58.0,58.0,58.0,0.0,0.0,58.0,ballistic
850515aa-c035-5d96-a8a2-770375a307bc,1,119.0,119.0,119.0,0.0,0.0,119.0,normal
dab58b75-654a-5ec3-bccc-a4a942fa766b,1,133.0,133.0,133.0,0.0,0.0,133.0,deliberative
b499d4c5-576a-5edf-95e4-8fa80db3f3d4,1,53.0,53.0,53.0,0.0,0.0,53.0,ballistic
b66320ad-cbbc-5262-8413-2d0e3535fe86,1,148.0,148.0,148.0,0.0,0.0,148.0,deliberative
d9f0bd85-ddcb-5365-b281-9c83a564e2c4,1,66.0,66.0,66.0,0.0,0.0,66.0,ballistic
2cc722d0-1b7b-5bc9-a828-0b55c4ecf4b1,1,15.0,15.0,15.0,0.0,0.0,15.0,ballistic
4af4b0a5-2f55-5dc4-9f1d-f8def5a89b79,1,75.0,75.0,75.0,0.0,0.0,75.0,ballistic
874ff37f-f273-53e1-8db6-c9a3fa8c178f,1,133.0,133.0,133.0,0.0,0.0,133.0,deliberative
8806aa02-0288-5061-bf07-22a6a2eae72d,1,131.0,131.0,131.0,0.0,0.0,131.0,deliberative
8e4dc1de-11f7-5d7b-a4b2-fe462a2c1911,1,58.0,58.0,58.0,0.0,0.0,58.0,ballistic
